-- phpMyAdmin SQL Dump
-- version 5.2.0
-- https://www.phpmyadmin.net/
--
-- Host: 127.0.0.1
-- Waktu pembuatan: 05 Feb 2024 pada 14.11
-- Versi server: 10.4.24-MariaDB
-- Versi PHP: 7.4.29

SET SQL_MODE = "NO_AUTO_VALUE_ON_ZERO";
START TRANSACTION;
SET time_zone = "+00:00";


/*!40101 SET @OLD_CHARACTER_SET_CLIENT=@@CHARACTER_SET_CLIENT */;
/*!40101 SET @OLD_CHARACTER_SET_RESULTS=@@CHARACTER_SET_RESULTS */;
/*!40101 SET @OLD_COLLATION_CONNECTION=@@COLLATION_CONNECTION */;
/*!40101 SET NAMES utf8mb4 */;

--
-- Database: `pos_kasir`
--

-- --------------------------------------------------------

--
-- Struktur dari tabel `detailpenjualan`
--

CREATE TABLE `detailpenjualan` (
  `DetailID` int(11) NOT NULL,
  `PenjualanID` int(11) NOT NULL,
  `ProdukID` int(11) NOT NULL,
  `JumlahProduk` int(11) NOT NULL,
  `Subtotal` decimal(10,2) NOT NULL,
  `created_at` datetime NOT NULL DEFAULT current_timestamp(),
  `updated_at` datetime DEFAULT NULL,
  `deleted_at` datetime DEFAULT NULL
) ENGINE=InnoDB DEFAULT CHARSET=utf8mb4;

--
-- Dumping data untuk tabel `detailpenjualan`
--

INSERT INTO `detailpenjualan` (`DetailID`, `PenjualanID`, `ProdukID`, `JumlahProduk`, `Subtotal`, `created_at`, `updated_at`, `deleted_at`) VALUES
(1, 1, 1, 6, '15000.00', '2024-02-05 18:40:48', NULL, NULL),
(2, 1, 3, 2, '15000.00', '2024-02-05 18:40:48', NULL, NULL),
(3, 2, 2, 12, '33000.00', '2024-02-05 18:43:22', NULL, NULL),
(4, 2, 1, 12, '30000.00', '2024-02-05 18:43:22', NULL, NULL);

--
-- Trigger `detailpenjualan`
--
DELIMITER $$
CREATE TRIGGER `hapus` AFTER DELETE ON `detailpenjualan` FOR EACH ROW BEGIN
UPDATE Produk SET Stok = Stok+old.JumlahProduk WHERE ProdukID=old.ProdukID;
END
$$
DELIMITER ;
DELIMITER $$
CREATE TRIGGER `keluar` AFTER INSERT ON `detailpenjualan` FOR EACH ROW BEGIN
UPDATE produk SET Stok = Stok-new.JumlahProduk WHERE ProdukID=new.ProdukID;
END
$$
DELIMITER ;

-- --------------------------------------------------------

--
-- Struktur dari tabel `level`
--

CREATE TABLE `level` (
  `id_level` int(11) NOT NULL,
  `nama_level` varchar(255) NOT NULL,
  `created_at` datetime NOT NULL DEFAULT current_timestamp(),
  `updated_at` datetime DEFAULT NULL,
  `deleted_at` datetime DEFAULT NULL
) ENGINE=InnoDB DEFAULT CHARSET=utf8mb4;

--
-- Dumping data untuk tabel `level`
--

INSERT INTO `level` (`id_level`, `nama_level`, `created_at`, `updated_at`, `deleted_at`) VALUES
(1, 'Administrator', '2024-01-22 22:25:19', NULL, NULL),
(2, 'Petugas', '2024-01-22 22:25:19', NULL, NULL),
(3, 'Tes2', '2024-02-05 19:51:21', '2024-02-05 19:57:33', '2024-02-05 19:57:33');

-- --------------------------------------------------------

--
-- Struktur dari tabel `pelanggan`
--

CREATE TABLE `pelanggan` (
  `PelangganID` int(11) NOT NULL,
  `NamaPelanggan` varchar(255) NOT NULL,
  `Alamat` text NOT NULL,
  `NomorTelepon` varchar(15) NOT NULL,
  `created_at` datetime NOT NULL DEFAULT current_timestamp(),
  `updated_at` datetime DEFAULT NULL,
  `deleted_at` datetime DEFAULT NULL
) ENGINE=InnoDB DEFAULT CHARSET=utf8mb4;

--
-- Dumping data untuk tabel `pelanggan`
--

INSERT INTO `pelanggan` (`PelangganID`, `NamaPelanggan`, `Alamat`, `NomorTelepon`, `created_at`, `updated_at`, `deleted_at`) VALUES
(1, 'Thomas', 'Perumahan Orchid', '084597651452', '2024-02-01 21:32:30', '2024-02-02 18:15:04', NULL),
(2, 'Kevin', 'Perumahan Kevin', '08154722', '2024-02-02 20:14:38', '2024-02-02 21:09:58', NULL);

-- --------------------------------------------------------

--
-- Struktur dari tabel `penjualan`
--

CREATE TABLE `penjualan` (
  `PenjualanID` int(11) NOT NULL,
  `TanggalPenjualan` date NOT NULL,
  `TotalHarga` decimal(10,2) NOT NULL,
  `PelangganID` int(11) NOT NULL,
  `user` int(11) NOT NULL,
  `created_at` datetime NOT NULL DEFAULT current_timestamp(),
  `updated_at` datetime DEFAULT NULL,
  `deleted_at` datetime DEFAULT NULL
) ENGINE=InnoDB DEFAULT CHARSET=utf8mb4;

--
-- Dumping data untuk tabel `penjualan`
--

INSERT INTO `penjualan` (`PenjualanID`, `TanggalPenjualan`, `TotalHarga`, `PelangganID`, `user`, `created_at`, `updated_at`, `deleted_at`) VALUES
(1, '2024-02-05', '30000.00', 1, 1, '2024-02-05 18:40:48', NULL, NULL),
(2, '2024-02-05', '63000.00', 2, 1, '2024-02-05 18:43:22', NULL, NULL);

-- --------------------------------------------------------

--
-- Struktur dari tabel `produk`
--

CREATE TABLE `produk` (
  `ProdukID` int(11) NOT NULL,
  `NamaProduk` varchar(255) NOT NULL,
  `Harga` decimal(10,2) NOT NULL,
  `Stok` int(11) NOT NULL,
  `created_at` datetime NOT NULL DEFAULT current_timestamp(),
  `updated_at` datetime DEFAULT NULL,
  `deleted_at` datetime DEFAULT NULL
) ENGINE=InnoDB DEFAULT CHARSET=utf8mb4;

--
-- Dumping data untuk tabel `produk`
--

INSERT INTO `produk` (`ProdukID`, `NamaProduk`, `Harga`, `Stok`, `created_at`, `updated_at`, `deleted_at`) VALUES
(1, 'Pensil', '2500.00', 12, '2024-02-01 21:20:07', NULL, NULL),
(2, 'Pena', '2750.00', 66, '2024-02-01 22:08:33', '2024-02-01 22:40:35', NULL),
(3, 'Pensil Mekanik', '7500.00', 23, '2024-02-01 21:20:07', NULL, NULL),
(4, 'HDD', '7500.00', 0, '2024-02-01 21:20:07', NULL, NULL),
(5, 'SSD', '7500.00', 50, '2024-02-01 21:20:07', NULL, '2024-02-04 22:12:45');

-- --------------------------------------------------------

--
-- Struktur dari tabel `produk_masuk`
--

CREATE TABLE `produk_masuk` (
  `ProdukMasukID` int(11) NOT NULL,
  `ProdukID` int(11) NOT NULL,
  `Stok_masuk` int(11) NOT NULL,
  `user` int(11) NOT NULL,
  `created_at` datetime NOT NULL DEFAULT current_timestamp(),
  `updated_at` datetime DEFAULT NULL,
  `deleted_at` datetime DEFAULT NULL
) ENGINE=InnoDB DEFAULT CHARSET=utf8mb4;

--
-- Dumping data untuk tabel `produk_masuk`
--

INSERT INTO `produk_masuk` (`ProdukMasukID`, `ProdukID`, `Stok_masuk`, `user`, `created_at`, `updated_at`, `deleted_at`) VALUES
(3, 1, 10, 1, '2024-02-02 16:49:16', NULL, NULL),
(4, 1, 10, 1, '2024-02-02 16:58:16', NULL, NULL);

--
-- Trigger `produk_masuk`
--
DELIMITER $$
CREATE TRIGGER `masuk` BEFORE INSERT ON `produk_masuk` FOR EACH ROW BEGIN
UPDATE produk SET Stok = Stok+new.Stok_masuk WHERE ProdukID=new.ProdukID;
END
$$
DELIMITER ;
DELIMITER $$
CREATE TRIGGER `tambah` AFTER DELETE ON `produk_masuk` FOR EACH ROW BEGIN
UPDATE Produk SET Stok = Stok-old.Stok_masuk WHERE ProdukID=old.ProdukID;
END
$$
DELIMITER ;

-- --------------------------------------------------------

--
-- Struktur dari tabel `user`
--

CREATE TABLE `user` (
  `id_user` int(11) NOT NULL,
  `username` varchar(255) NOT NULL,
  `password` varchar(255) NOT NULL,
  `level` int(11) NOT NULL,
  `foto` text NOT NULL,
  `created_at` datetime NOT NULL DEFAULT current_timestamp(),
  `updated_at` datetime DEFAULT NULL,
  `deleted_at` datetime DEFAULT NULL
) ENGINE=InnoDB DEFAULT CHARSET=utf8mb4;

--
-- Dumping data untuk tabel `user`
--

INSERT INTO `user` (`id_user`, `username`, `password`, `level`, `foto`, `created_at`, `updated_at`, `deleted_at`) VALUES
(1, 'Admin', 'c4ca4238a0b923820dcc509a6f75849b', 1, 'default.png', '2024-01-22 22:26:01', NULL, NULL),
(2, 'Dodi', 'c4ca4238a0b923820dcc509a6f75849b', 2, 'default.png', '2024-01-22 22:26:01', NULL, NULL);

-- --------------------------------------------------------

--
-- Struktur dari tabel `website`
--

CREATE TABLE `website` (
  `id_website` int(11) NOT NULL,
  `nama_website` varchar(255) NOT NULL,
  `logo_website` text DEFAULT NULL,
  `logo_pdf` text DEFAULT NULL,
  `favicon_website` text DEFAULT NULL,
  `komplek` text DEFAULT NULL,
  `jalan` text DEFAULT NULL,
  `kelurahan` text DEFAULT NULL,
  `kecamatan` text DEFAULT NULL,
  `kota` text DEFAULT NULL,
  `kode_pos` varchar(255) DEFAULT NULL,
  `created_at` datetime NOT NULL DEFAULT current_timestamp(),
  `updated_at` datetime DEFAULT NULL,
  `deleted_at` datetime DEFAULT NULL
) ENGINE=InnoDB DEFAULT CHARSET=utf8mb4;

--
-- Dumping data untuk tabel `website`
--

INSERT INTO `website` (`id_website`, `nama_website`, `logo_website`, `logo_pdf`, `favicon_website`, `komplek`, `jalan`, `kelurahan`, `kecamatan`, `kota`, `kode_pos`, `created_at`, `updated_at`, `deleted_at`) VALUES
(1, 'GT Point Of Sale', 'logo_contoh.svg', 'logo_pdf_contoh.svg', 'favicon_contoh.svg', 'Komp. Pahlawan Mas', 'Jl. Raya Pahlawan No. 123', 'Kel. Sukajadi', 'Kec. Sukasari', 'Kota Batam', '29424', '2023-05-01 16:33:53', NULL, NULL);

--
-- Indexes for dumped tables
--

--
-- Indeks untuk tabel `detailpenjualan`
--
ALTER TABLE `detailpenjualan`
  ADD PRIMARY KEY (`DetailID`);

--
-- Indeks untuk tabel `level`
--
ALTER TABLE `level`
  ADD PRIMARY KEY (`id_level`);

--
-- Indeks untuk tabel `pelanggan`
--
ALTER TABLE `pelanggan`
  ADD PRIMARY KEY (`PelangganID`);

--
-- Indeks untuk tabel `penjualan`
--
ALTER TABLE `penjualan`
  ADD PRIMARY KEY (`PenjualanID`);

--
-- Indeks untuk tabel `produk`
--
ALTER TABLE `produk`
  ADD PRIMARY KEY (`ProdukID`);

--
-- Indeks untuk tabel `produk_masuk`
--
ALTER TABLE `produk_masuk`
  ADD PRIMARY KEY (`ProdukMasukID`);

--
-- Indeks untuk tabel `user`
--
ALTER TABLE `user`
  ADD PRIMARY KEY (`id_user`);

--
-- Indeks untuk tabel `website`
--
ALTER TABLE `website`
  ADD PRIMARY KEY (`id_website`);

--
-- AUTO_INCREMENT untuk tabel yang dibuang
--

--
-- AUTO_INCREMENT untuk tabel `detailpenjualan`
--
ALTER TABLE `detailpenjualan`
  MODIFY `DetailID` int(11) NOT NULL AUTO_INCREMENT, AUTO_INCREMENT=5;

--
-- AUTO_INCREMENT untuk tabel `level`
--
ALTER TABLE `level`
  MODIFY `id_level` int(11) NOT NULL AUTO_INCREMENT, AUTO_INCREMENT=4;

--
-- AUTO_INCREMENT untuk tabel `pelanggan`
--
ALTER TABLE `pelanggan`
  MODIFY `PelangganID` int(11) NOT NULL AUTO_INCREMENT, AUTO_INCREMENT=3;

--
-- AUTO_INCREMENT untuk tabel `penjualan`
--
ALTER TABLE `penjualan`
  MODIFY `PenjualanID` int(11) NOT NULL AUTO_INCREMENT, AUTO_INCREMENT=3;

--
-- AUTO_INCREMENT untuk tabel `produk`
--
ALTER TABLE `produk`
  MODIFY `ProdukID` int(11) NOT NULL AUTO_INCREMENT, AUTO_INCREMENT=6;

--
-- AUTO_INCREMENT untuk tabel `produk_masuk`
--
ALTER TABLE `produk_masuk`
  MODIFY `ProdukMasukID` int(11) NOT NULL AUTO_INCREMENT, AUTO_INCREMENT=8;

--
-- AUTO_INCREMENT untuk tabel `user`
--
ALTER TABLE `user`
  MODIFY `id_user` int(11) NOT NULL AUTO_INCREMENT, AUTO_INCREMENT=3;

--
-- AUTO_INCREMENT untuk tabel `website`
--
ALTER TABLE `website`
  MODIFY `id_website` int(11) NOT NULL AUTO_INCREMENT, AUTO_INCREMENT=2;
COMMIT;

/*!40101 SET CHARACTER_SET_CLIENT=@OLD_CHARACTER_SET_CLIENT */;
/*!40101 SET CHARACTER_SET_RESULTS=@OLD_CHARACTER_SET_RESULTS */;
/*!40101 SET COLLATION_CONNECTION=@OLD_COLLATION_CONNECTION */;
